Café Collection,Manual CSV,1,Food Service
Capri Sun,Manual CSV,1,Food Service
Cavendish Farms,Manual CSV,1,Food Service
Cheese Nips,Manual CSV,1,Food Service
Cheez Whiz,Manual CSV,1,Food Service
Chef Mark,Manual CSV,1,Food Service
Chef's Pride,Manual CSV,1,Food Service
Chips Ahoy!,Manual CSV,1,Food Service
Churn Spread,Manual CSV,1,Food Service
Classic Gourmet,Manual CSV,1,Food Service
Clear Coat,Manual CSV,1,Food Service
Cobblestreet Market,Manual CSV,1,Food Service
Cool Whip,Manual CSV,1,Food Service
Corn King,Manual CSV,1,Food Service
Corn Nuts,Manual CSV,1,Food Service
Country Time,Manual CSV,1,Food Service
County Fair,Manual CSV,1,Food Service
Crisco,Manual CSV,1,Food Service
Crispitos,Manual CSV,1,Food Service
Crystal Lakes,Manual CSV,1,Food Service
Crystal Light,Manual CSV,1,Food Service
Culinary Secrets,Manual CSV,1,Food Service
Daily's,Manual CSV,1,Food Service
Dakota Gold,Manual CSV,1,Food Service
Dakota Skins,Manual CSV,1,Food Service
Dean Foods,Manual CSV,1,Food Service
Deb-EL,Manual CSV,1,Food Service
Diamond Crystal,Manual CSV,1,Food Service
Durkee,Manual CSV,1,Food Service
Easy Eggs,Manual CSV,1,Food Service
Equal,Manual CSV,1,Food Service
Fair Isle,Manual CSV,1,Food Service
Fine Coat,Manual CSV,1,Food Service
Fontina Foods,Manual CSV,1,Food Service
Froze'n Ready,Manual CSV,1,Food Service
Fry Food's,Manual CSV,1,Food Service
FryerSides,Manual CSV,1,Food Service
Frymax,Manual CSV,1,Food Service
Gehl's,Manual CSV,1,Food Service
Good Seasons,Manual CSV,1,Food Service
Grey Poupon,Manual CSV,1,Food Service
Handi-snacks,Manual CSV,1,Food Service
Hidden Valley,Manual CSV,1,Food Service
Honey Maid,Manual CSV,1,Food Service
Hymo,Manual CSV,1,Food Service
Jello,Manual CSV,1,Food Service
Jet-Puffed Marshmallows,Manual CSV,1,Food Service
Just Whites,Manual CSV,1,Food Service
Kaola Gold,Manual CSV,1,Food Service
Katy's Kitchen,Manual CSV,1,Food Service
Ken's,Manual CSV,1,Food Service
Kool-Aid,Manual CSV,1,Food Service
Kraft,Manual CSV,1,Food Service
Kutztown,Manual CSV,1,Food Service
La Banderita,Manual CSV,1,Food Service
Lamb Weston,Manual CSV,1,Food Service
Land O Lakes,Manual CSV,1,Food Service
Leprino,Manual CSV,1,Food Service
Libby's,Manual CSV,1,Food Service
Lorna Doone,Manual CSV,1,Food Service
LouAna,Manual CSV,1,Food Service
Lucky Leaf,Manual CSV,1,Food Service
Marie's Dressing,Manual CSV,1,Food Service
Maxwell House,Manual CSV,1,Food Service
Mazola ZT,Manual CSV,1,Food Service
Mel-Fry,Manual CSV,1,Food Service
Mexican Original,Manual CSV,1,Food Service
Miracle Whip,Manual CSV,1,Food Service
Musselmans,Manual CSV,1,Food Service
Newtons,Manual CSV,1,Food Service
Nutex,Manual CSV,1,Food Service
Nutter Butter,Manual CSV,1,Food Service
Ole Mexican Foods,Manual CSV,1,Food Service
Open Pit,Manual CSV,1,Food Service
Oreo ,Manual CSV,1,Food Service
Papetti's,Manual CSV,1,Food Service
Patak  ,Manual CSV,1,Food Service
Philadelphia,Manual CSV,1,Food Service
Planters,Manual CSV,1,Food Service
Preferred Fine Foods,Manual CSV,1,Food Service
ProPak,Manual CSV,1,Food Service
Pure Via,Manual CSV,1,Food Service
Rejuv,Manual CSV,1,Food Service
Ridgeline,Manual CSV,1,Food Service
Ritz,Manual CSV,1,Food Service
Royal Foods,Manual CSV,1,Food Service
Rudy's Tortillas,Manual CSV,1,Food Service
Salad Bistro,Manual CSV,1,Food Service
San Pablo,Manual CSV,1,Food Service
Sanka,Manual CSV,1,Food Service
Sara Lee,Manual CSV,1,Food Service
Sargento,Manual CSV,1,Food Service
Savory Valley,Manual CSV,1,Food Service
Schreiber,Manual CSV,1,Food Service
Scotch Maid,Manual CSV,1,Food Service
Seneca,Manual CSV,1,Food Service
Shamrock Farms,Manual CSV,1,Food Service
Simply Potatoes,Manual CSV,1,Food Service
Smart Balance,Manual CSV,1,Food Service
Smart Source,Manual CSV,1,Food Service
Snackwell's,Manual CSV,1,Food Service
Southern Pearl,Manual CSV,1,Food Service
Speas Farm,Manual CSV,1,Food Service
Stokely,Manual CSV,1,Food Service
Stove Top,Manual CSV,1,Food Service
Stratus,Manual CSV,1,Food Service
Sun Glow,Manual CSV,1,Food Service
Sunny Fresh,Manual CSV,1,Food Service
Sweetex,Manual CSV,1,Food Service
Swiss Crème,Manual CSV,1,Food Service
Table Ready,Manual CSV,1,Food Service
Tang ,Manual CSV,1,Food Service
Tapatio,Manual CSV,1,Food Service
Tassimo Professional,Manual CSV,1,Food Service
Tavern Traditions,Manual CSV,1,Food Service
TC Jacoby,Manual CSV,1,Food Service
Teddy Grahams,Manual CSV,1,Food Service
Tombstone Pizza,Manual CSV,1,Food Service
Tones,Manual CSV,1,Food Service
Tortilla Jack,Manual CSV,1,Food Service
Trail Hand,Manual CSV,1,Food Service
Trescerro,Manual CSV,1,Food Service
Trifoglio,Manual CSV,1,Food Service
Veg-All,Manual CSV,1,Food Service
Velveeta,Manual CSV,1,Food Service
Ventura,Manual CSV,1,Food Service
Villa Frizzoni,Manual CSV,1,Food Service
Wheat Thins,Manual CSV,1,Food Service
Whirl,Manual CSV,1,Food Service
White Cap,Manual CSV,1,Food Service
Windscapes,Manual CSV,1,Food Service
Xtreme,Manual CSV,1,Food Service
Yuban,Manual CSV,1,Food Service